[
    {
   "Deals_of_the_day":
    ["app/src/images/image1.jpg","app/src/images/image2.jpg",
    "app/src/images/image3.jpg","app/src/images/image4.jpg","app/src/images/image5.jpg"]
    },
    {
    "Electronics":
    [
    {"img":["app/src/images/elec1.jpg"],"name":["elec1"],"price":["$340"]},
    {"img":["app/src/images/elec2.jpg"],"name":["elec2"],"price":["$340"]},
    {"img":["app/src/images/elec3.jpg"],"name":["elec3"],"price":["$340"]},
    {"img":["app/src/images/elec4.jpg"],"name":["elec4"],"price":["$340"]},
    {"img":["app/src/images/elec5.jpg"],"name":["elec5"],"price":["$340"]}
    ],
    "Men":
    [
    {"img":["app/src/images/men/men1.jpg"],"name":["men1"],"price":["$340"]},
    {"img":["app/src/images/men/men2.jpg"],"name":["men2"],"price":["$340"]},
    {"img":["app/src/images/men/men3.jpg"],"name":["men3"],"price":["$340"]},
    {"img":["app/src/images/men/men4.jpg"],"name":["men4"],"price":["$340"]},
    {"img":["app/src/images/men/men5.jpg"],"name":["men5"],"price":["$340"]}
    ],
    "Women":
    [
    {"img":["app/src/images/women/women1.jpg"],"name":["women1"],"price":["$340"]},
    {"img":["app/src/images/women/women2.jpg"],"name":["women2"],"price":["$340"]},
    {"img":["app/src/images/women/women3.jpg"],"name":["women3"],"price":["$340"]},
    {"img":["app/src/images/women/women4.jpg"],"name":["women4"],"price":["$340"]},
    {"img":["app/src/images/women/women5.jpg"],"name":["women5"],"price":["$340"]}
    ]

    }
    
] 